Gercek_Churn,Tahmin_Churn,Churn_Olasiligi
0,0,0.01802218235295677
0,1,0.5918320676536666
0,0,0.004891534855152422
1,0,0.20142434332579193
0,0,0.10376231801255086
1,0,0.4705209394447305
0,0,0.026389628757166963
0,0,0.16510364269377917
1,1,0.6764294897619387
0,0,0.01571736649031862
0,1,0.7071212370474816
0,0,0.1453476119283298
0,1,0.6515718889864727
0,0,0.06139128812845443
1,0,0.20873630803219598
1,1,0.7753956171504323
1,1,0.6086980691805625
1,1,0.556728589746654
0,0,0.22686911552504974
0,0,0.002911758194496356
0,0,0.0023233807505262933
0,0,0.45026491561410364
0,0,0.4191307144922416
1,0,0.16802392039183467
0,0,0.23054075884663483
1,0,0.41935289034308204
0,0,0.2110991389977749
0,0,0.011900362765854468
0,0,0.024238511045334005
1,0,0.30902344028438233
0,0,0.0644553200394058
1,1,0.6968835751924961
0,0,0.2596786408083709
0,0,0.021680816228906507
1,1,0.6685999189218229
0,1,0.6153466910707222
0,0,0.1576094422943077
0,0,0.02403036254590498
1,0,0.20577276715599305
0,0,0.26945523450159314
0,0,0.03637994175779734
0,0,0.006156630508544054
0,0,0.06806082416371197
0,0,0.04947978422188396
0,0,0.004958097508764754
0,0,0.16884578345942175
0,0,0.03362707642636969
0,0,0.07856336826665022
0,0,0.008869446173930068
0,0,0.08107136125077105
0,0,0.3804131833920399
0,0,0.02306471000124257
0,0,0.3814983503756234
1,1,0.6280558580191571
0,0,0.055911024927188156
0,0,0.03434989855924469
0,0,0.3277570536098477
0,0,0.472992842522661
0,0,0.004436658438424319
1,1,0.7208509038278963
0,0,0.029537721000438808
0,0,0.09165941086802751
0,1,0.6095012009413591
0,0,0.020046951753411053
0,0,0.009140875153680696
0,0,0.15474182416998036
0,0,0.005806958299352003
0,0,0.10036391229321172
0,0,0.0020193565522710274
0,0,0.1528741270218635
0,0,0.0021903711556341483
1,1,0.6933800858746263
0,0,0.009128836900750031
1,0,0.3768552681028151
0,0,0.0032877438074298336
1,1,0.5874159049601575
0,0,0.463858029410692
0,0,0.032490103703243144
0,0,0.009995380757203364
0,0,0.15372993179108516
0,0,0.020684583954689553
0,0,0.05450597040042045
0,0,0.019829637732983667
1,1,0.671431252080919
0,0,0.023513000071638757
0,0,0.0014832694476498048
0,0,0.33533792162207376
1,0,0.17269897936091547
0,1,0.698530921312829
0,0,0.4267791551724173
0,0,0.07329403996688512
1,1,0.705699793304879
0,0,0.03391750330192362
0,0,0.3551442046912052
0,0,0.027414882704402118
0,0,0.09047610108352623
0,0,0.010499648425167893
0,0,0.39664892611461744
0,0,0.41061950182997975
0,0,0.05440545090168027
0,0,0.474000379562143
0,0,0.44530461977586866
0,0,0.21695672490690354
0,0,0.272800973137597
1,0,0.049123892777224065
0,0,0.4121935935531294
1,1,0.5930697279031
0,1,0.5574708354464283
0,1,0.6959998200006093
1,1,0.558220173616162
0,0,0.2629615327496315
0,0,0.49009900708610676
0,0,0.007313516875514624
0,0,0.02567279309057699
0,0,0.034632880173409195
1,1,0.7790639463794847
0,0,0.4554228922765245
0,0,0.002557316129699229
0,0,0.018964360985243695
1,0,0.4399209836609055
0,0,0.029113601129008175
0,0,0.027249770166776318
0,0,0.09068705316261119
1,0,0.1790734644500698
1,1,0.5215318806305282
0,0,0.3188339249210011
1,1,0.7646821866899247
0,0,0.006900111209778739
0,0,0.0035097784668603315
0,0,0.044965119240812146
0,0,0.01242452257223068
1,1,0.6676425313762622
0,0,0.006518366609111453
1,0,0.4639525336069057
0,0,0.013799790997361793
0,0,0.057481580635913
1,1,0.6847511425833477
0,1,0.7359582488271633
0,0,0.3224662195774434
0,0,0.16994328163225267
0,0,0.0026939890229460434
0,0,0.09955227029826633
0,0,0.2985874031619012
0,0,0.01286583901545547
1,0,0.2859933569820056
0,1,0.5388107663102293
0,0,0.05894688277465302
0,1,0.6905170405868825
0,0,0.007513950908903248
0,0,0.14101117205567595
0,0,0.013887019018150553
1,0,0.25185947248879603
0,0,0.33798011540587053
0,0,0.01053095812570338
1,1,0.546902515465371
0,0,0.03476866976547615
1,1,0.624451679478632
0,0,0.016598395249675
0,0,0.019683300133142272
0,0,0.07066545567002532
0,0,0.4493075819267398
0,0,0.013163352157508329
0,0,0.026538649620458883
1,0,0.28638398753574534
0,0,0.11408300631572953
0,0,0.22862780275160668
0,0,0.28921508627704057
0,0,0.005217521833027725
0,0,0.09332778008179153
0,0,0.038893003172220005
0,0,0.18573084017309538
0,0,0.012489712227885441
0,1,0.5548884779112221
0,0,0.07114549727647897
0,0,0.46273954940780576
1,1,0.6621493675821335
0,0,0.19237795134096658
1,1,0.6751612124136238
0,0,0.05590847560616547
0,0,0.0055101457691269905
0,0,0.00792853745826743
1,0,0.46194481032951057
1,0,0.39417009765884176
1,0,0.4756585640378892
0,0,0.002740062242370316
1,1,0.6374344659785635
1,1,0.6736907820134872
0,0,0.004866327233950206
0,0,0.03955346442491246
0,0,0.48656166517366817
0,0,0.18397324285820857
0,0,0.020795090691285354
0,0,0.022752078567094592
0,1,0.5712499070158935
1,1,0.7345622646406367
0,1,0.5392346625671874
0,0,0.1174744212797803
0,0,0.027239823608891493
0,0,0.017590755571747666
1,1,0.5370333186656404
0,0,0.01766896167765739
0,0,0.2358707972012144
0,0,0.13086530351406236
0,0,0.0908588865272682
0,0,0.4894353227803339
0,1,0.666589963016346
0,0,0.3667561656647846
1,0,0.35156160506408207
1,1,0.5075251596365135
0,0,0.1950283087230157
1,1,0.6445455598415075
0,1,0.845754403164979
1,0,0.39702829785284993
0,0,0.4342065165819517
1,1,0.700712657785833
0,0,0.33021665919361004
0,0,0.03279506788935159
0,0,0.27793289671664095
1,1,0.5414206330096628
0,0,0.039951450997761574
0,0,0.2865838878605365
1,1,0.5857467863905952
1,1,0.6197565588834546
0,0,0.19761862975027747
0,0,0.03226109635672707
0,0,0.307542104459735
0,0,0.43672377864756984
1,0,0.3004932452820558
0,0,0.23672877803327966
0,0,0.20774517992970767
1,0,0.20856139383912897
0,0,0.031161188584468376
0,0,0.025169216725400508
0,1,0.5478823554738441
0,0,0.4559291190098986
0,0,0.012993741490826959
0,0,0.010346566879391157
0,0,0.015283813136984712
0,0,0.017508894992634128
0,0,0.00625130674873411
0,0,0.04228105004661286
1,0,0.23924385236557386
0,0,0.3397385559052433
1,0,0.30131468372103193
0,0,0.013541667010513467
0,0,0.027875393483111365
0,0,0.001985069500044156
1,0,0.424231327188302
1,1,0.661131324617779
0,0,0.21213382772343906
0,0,0.02885902197787854
0,0,0.164784201804578
0,1,0.5162794141730023
0,0,0.010759341157488585
0,0,0.04075844421359252
1,1,0.6538376813736229
0,0,0.0033949070494683044
1,0,0.2907548023494275
0,0,0.3007264498000405
1,1,0.7393250381379615
0,0,0.0026306048041825373
1,1,0.7091247806824372
1,0,0.44646897208251074
0,0,0.15882565540522334
0,0,0.013803195257982213
1,1,0.5029419916424671
0,0,0.38382809850140387
0,0,0.05905884439469444
1,0,0.38385904817599364
0,0,0.3802090608578228
0,1,0.6549764875580611
0,0,0.4522975923575839
0,0,0.0142494952798203
1,0,0.2884121531520861
0,0,0.04749304523350917
1,0,0.35174478359281125
1,1,0.7479206572766144
0,0,0.0332983431849263
0,0,0.028440419115924192
0,0,0.20153386474018783
1,0,0.13891314669346624
1,1,0.5870915898791492
0,0,0.1274134383625151
0,0,0.04911031807769173
1,0,0.3071621618329674
0,0,0.14425604582250914
1,0,0.4970371220113186
0,0,0.03894612274905853
0,0,0.037797205600513056
0,0,0.24273205214487448
0,0,0.23743056019005218
0,0,0.06800753229480691
0,0,0.23172863614258493
1,0,0.053560559149425764
1,0,0.35688316822448
0,0,0.08546170310711793
0,0,0.012650211007899845
0,0,0.33839038536788646
0,0,0.017823064020505673
0,0,0.03425162915166225
1,0,0.09959205043107329
0,0,0.38608873012725603
0,0,0.007014867745702891
0,0,0.17020499194219543
1,1,0.6955369786668
0,0,0.39744412517257915
0,0,0.014848769332097417
1,0,0.43194063972055174
0,0,0.017122319335022586
0,0,0.007816344575571723
1,1,0.5660684394351557
0,0,0.28415951485185803
0,0,0.32035799305755136
0,0,0.01158727609574089
0,0,0.0026223707346675427
1,0,0.040157235924817646
0,0,0.16835442215972177
0,0,0.26311403577939607
0,0,0.15544411570663139
0,0,0.009863936559111865
0,0,0.025369168891072456
0,0,0.0570501135559399
0,0,0.2868728379603903
0,0,0.46472926476269405
1,1,0.6636701079680052
0,1,0.59167082505708
0,0,0.08362857914823175
0,0,0.008904155041629443
0,0,0.08376551313781175
0,1,0.6695763842576353
0,0,0.33454847660085096
0,0,0.2843098181109803
0,0,0.03169498421663099
0,1,0.6699490749640725
1,1,0.6885773087636505
1,0,0.3400279691127941
0,0,0.006566155972452204
0,0,0.041052895868559126
1,0,0.10418425659681008
0,0,0.21204809542414968
0,0,0.2972262791469207
0,1,0.7363841717544835
0,0,0.23446912458937758
0,0,0.14961133303125504
0,0,0.26557276556242204
0,1,0.6062759107285067
1,1,0.7921022560933044
0,0,0.4490505450503342
0,0,0.006685981332044023
1,1,0.564004713834984
0,0,0.4862544737651918
0,0,0.04543297878739774
0,0,0.01211077259516523
1,1,0.7328733533526535
1,1,0.5755844621633531
0,0,0.055796016959760594
0,1,0.608503936908928
1,1,0.7387322361656049
0,0,0.033197580696412925
0,0,0.008801010238450606
0,1,0.6597180822428463
0,1,0.5697407128322842
0,0,0.19825930862246435
0,0,0.3922797214355214
1,1,0.7059084510916395
0,0,0.05202946239464023
1,0,0.24476953244239552
0,0,0.03423051627876144
1,0,0.16154960504425894
1,1,0.7399022947049592
0,0,0.18905861969529317
0,0,0.2122092488885802
0,0,0.01535577574888662
1,1,0.500938469543169
1,1,0.5678180038366086
0,0,0.017347579909261203
0,1,0.7433197009041237
0,0,0.01717441607357469
0,0,0.2870484895074218
0,0,0.16258828788028987
1,1,0.7051670209953612
0,0,0.0925128088374995
0,0,0.13132379430451427
1,0,0.3735229815915371
0,1,0.6088594455978138
0,0,0.396687662340587
1,1,0.5222874909932615
0,0,0.06319227142889366
0,0,0.3880984823047112
0,0,0.03681047831704698
0,0,0.4694171517666256
1,0,0.47174524131880713
1,0,0.24588659292896392
0,1,0.5793718612549301
0,1,0.7905960721947949
1,1,0.6037635606944703
1,1,0.6362226968121921
1,1,0.7348278604200805
0,1,0.7334224561475728
0,0,0.0053582258972382155
0,0,0.004215587833520572
0,0,0.3256533927968371
0,1,0.7203953667386974
0,1,0.5972835507325003
0,0,0.2557868146584454
0,0,0.4275917651252317
0,0,0.2739635243576251
0,1,0.7427460183230797
0,0,0.02819057010321287
0,0,0.3577804935246301
0,0,0.14020987788220748
1,1,0.7276179918127869
1,0,0.3873789403676558
0,0,0.43519501178948267
0,1,0.7676857927445782
1,1,0.5958909705177554
0,0,0.08666248349426026
0,1,0.5409969537713102
0,0,0.06445016741869633
1,0,0.4725803139754734
1,0,0.10594250066067921
0,0,0.01591849723892267
0,0,0.14728263108485787
1,0,0.43723223566552294
0,0,0.04729769639385306
0,0,0.00481212036520016
0,0,0.03869849096516549
1,0,0.26090451125748193
0,0,0.031317957757345624
0,0,0.002422202708134507
1,1,0.5855002462817727
0,0,0.07505972309271917
0,0,0.047472702293764435
0,1,0.6253217704049379
0,0,0.48287120598933003
0,0,0.04783855419992212
1,1,0.7148555947795232
1,1,0.7671795824642174
0,0,0.13745733755534345
1,1,0.7854467632876867
1,0,0.36188397045692167
0,0,0.016993541382330675
1,0,0.33665618353664173
0,0,0.016182180006223873
0,0,0.17752993627774147
0,0,0.40580020711124704
0,1,0.6931347497519469
0,0,0.006782470225946379
0,0,0.009745998546350021
1,1,0.5044663715765149
1,0,0.08696741655349581
0,0,0.014552487592567146
1,0,0.46256652566893286
0,0,0.017369872487459685
1,1,0.5635008286702516
0,0,0.13998155400022091
1,1,0.571423163888362
0,0,0.2730613690412584
0,0,0.4674720964133522
0,0,0.08365290692603541
0,0,0.00205397468115564
0,0,0.0356231890229046
0,0,0.004406768060699433
0,0,0.047155986879166896
1,1,0.7710836709868703
1,1,0.5306849208986778
0,0,0.4040308819313925
1,1,0.5757158007257509
1,1,0.7582234625031644
1,1,0.7044114018340448
0,0,0.21173657309030475
1,1,0.5598596571869054
1,0,0.11607281021152716
1,0,0.42065337984310774
1,0,0.20876060554156803
1,1,0.7029910702850098
0,0,0.004814424362737621
0,0,0.01772733551975999
0,0,0.0696822230546256
1,0,0.26128856073832163
0,0,0.18505294782784212
0,0,0.09743620177471353
0,0,0.029771378684922373
0,0,0.005066393537712502
0,0,0.008225474055510433
0,0,0.07993851082255855
0,0,0.0042830166604856034
1,0,0.17482715184290412
1,0,0.13378501918949146
0,0,0.3446353516826812
1,1,0.7324475408755676
0,1,0.527744836990274
0,0,0.13880916014870914
1,1,0.515778199074996
0,0,0.002146388551455077
0,0,0.17592558838591313
0,0,0.016344559522465083
1,1,0.7126612989769122
1,1,0.6149661228390018
0,0,0.21944958215909166
1,0,0.2621341196319617
0,0,0.010285755328850552
0,1,0.6501726114560783
1,1,0.7310402760847535
1,1,0.649301686117034
0,0,0.3166854056182441
0,0,0.13374143363089117
0,0,0.24876436869252305
0,0,0.14708845168509901
0,0,0.2155174587503868
1,1,0.6164953955165531
0,0,0.16506970918164476
0,0,0.009461354727603668
0,0,0.05998931569711657
0,0,0.030754408821874413
0,0,0.49379648255966624
0,0,0.4615736313161877
0,0,0.0038496785062340447
1,0,0.19285719827848027
1,1,0.5466251457511984
0,0,0.04326743295102415
0,0,0.057901479527948004
0,0,0.35727742996456024
1,0,0.10502297182093148
1,1,0.515625292932042
0,0,0.0694366969972491
0,1,0.6792343408125613
1,1,0.5839603510861332
0,0,0.03755532666911285
1,1,0.6626246228762014
0,0,0.12824994409180615
1,0,0.2587277752046561
1,0,0.21020569798730374
0,0,0.013656942218430144
0,0,0.06729707856324851
1,1,0.5894053823969514
0,0,0.3087353540371276
0,0,0.0027505651591187173
1,1,0.6492965551174494
1,1,0.6424710430048928
0,0,0.2530267394471869
0,0,0.4065993698346036
0,0,0.0057952257017854876
0,0,0.21397294415373982
0,0,0.2700569134896813
0,0,0.07798683606065465
0,0,0.389919575999822
1,1,0.6399032156609187
0,0,0.012689250905702072
0,0,0.2837377415069513
0,1,0.7189537034266489
1,1,0.6043525459001944
1,1,0.5941296390813375
1,1,0.6311931325966021
0,0,0.48964396136958666
1,0,0.1037712168099959
0,0,0.03574856287935965
0,0,0.012508340270494214
0,1,0.5266232478997617
0,0,0.031050208387363037
0,0,0.06888970424775462
0,0,0.0027353553417518786
0,0,0.18257438222398292
0,0,0.02380732289509293
0,0,0.058062141561289714
0,0,0.047183972476536946
1,0,0.4623870628211378
0,0,0.22235835471882984
0,0,0.057828861396741885
1,1,0.7136053020975763
0,0,0.08661423021022382
1,0,0.06380774692590394
0,0,0.0041007160565873476
0,0,0.26364247572593735
1,0,0.42201899493216655
0,0,0.16658899531278082
0,0,0.4944323627803987
0,0,0.2980687168637634
0,1,0.5547762142933348
0,0,0.22679998625338751
0,0,0.10185871698598095
0,1,0.6406790909584631
0,0,0.0161009205177137
0,0,0.11354849184456386
1,0,0.20774517992970767
0,0,0.1363694841089465
1,1,0.7580685462383344
0,1,0.666519313818616
0,0,0.1787759491881561
0,0,0.05521100473229636
0,0,0.30282845481082227
1,1,0.8262960139488383
0,0,0.029864861728124345
1,0,0.317047798124408
0,0,0.3746830429113203
1,1,0.5262017094009716
1,1,0.6248795883657272
0,1,0.5660090968928362
0,0,0.004567799331533645
0,1,0.5138503648115973
0,0,0.12125773519179713
1,0,0.12882241522082513
0,0,0.2874556948974864
0,0,0.26742927884351386
0,0,0.1391291957435785
0,0,0.29649124564316154
0,1,0.5340367677051948
0,0,0.020900931607681573
0,0,0.2696954849788499
0,0,0.1806982413029304
1,1,0.6346446413469459
1,0,0.47987175395121817
1,1,0.5567778518876306
0,0,0.09384546542129064
1,1,0.6810141151357613
1,1,0.7774769948593798
0,1,0.7355355745105695
0,0,0.4415105834949863
0,0,0.01572399492659994
0,0,0.3231562167121871
0,0,0.4170957927761181
0,1,0.6704803471613041
1,0,0.3690277596005506
0,0,0.4383819292154932
0,0,0.07817606117718114
0,0,0.3979670987676128
0,0,0.32332080811177655
0,0,0.022002428787755775
0,0,0.1012434591496384
0,0,0.1492396153909087
0,0,0.039872521783499336
0,0,0.07437769443040464
1,0,0.3653395500170782
0,0,0.43372157398605776
0,0,0.39116879824808337
1,1,0.6059226437422092
1,0,0.44473811314449874
1,0,0.4627091841179197
0,0,0.008225524327020131
0,1,0.5820284580385715
0,0,0.1019114212186881
0,0,0.2185060958410373
1,0,0.08450394052259241
0,0,0.34616659288665935
0,0,0.003241391425190406
0,0,0.058834703339083715
0,0,0.4912690244247576
0,0,0.12631700797527792
0,1,0.557502095853218
1,1,0.6571598325333745
1,1,0.7785600022725818
1,1,0.5537851059043042
0,1,0.5266901915740888
0,0,0.001567371427466232
0,0,0.10472650649343436
0,0,0.007656512974742885
0,0,0.10027119397926354
0,0,0.057810783467275896
0,0,0.38619295350664407
0,0,0.0618032157136112
0,0,0.02888254453132305
0,0,0.012924925771378248
0,0,0.0027746429417024304
0,0,0.15041520232933756
1,0,0.44315927083065987
0,0,0.07265367820143923
0,0,0.4949289239770405
1,1,0.7238013828518836
0,0,0.01488572324335638
1,1,0.6303729785905532
0,1,0.6951420941703115
0,0,0.06357971801656577
0,0,0.07724204118072815
0,0,0.009500172909591667
0,1,0.5823548405208098
0,0,0.12175242378252035
0,1,0.5183939738373947
0,0,0.4905794320847739
0,0,0.18039740418473038
0,0,0.07225776788652477
0,0,0.17693438012757848
0,0,0.007245737739734943
0,1,0.7895598078482455
1,1,0.7372253128881534
1,0,0.3200773931670911
0,0,0.4275334754032704
0,0,0.11860202474967431
0,0,0.002213868367023893
0,0,0.003970222338235834
1,0,0.010577665285433534
1,0,0.14520515662091585
0,0,0.3429491181079824
0,0,0.05465091883164769
0,0,0.007208810067156053
0,0,0.060259209103567614
1,1,0.591578341789365
0,0,0.3241360196280137
0,0,0.014418328247652913
1,0,0.4949725763343996
1,1,0.7305323430581264
0,0,0.14342015018190335
0,0,0.03075287772864151
0,0,0.04789614719398335
1,1,0.698530921312829
0,0,0.06322553158056655
0,0,0.19824220193077172
0,0,0.26268740772590743
0,0,0.11070637449261905
0,0,0.0419276015537447
0,0,0.29810312852082976
1,1,0.7234450315580017
1,0,0.2550506828251548
0,0,0.35921141435376497
0,1,0.5734963679741999
0,0,0.0628761660811979
1,1,0.7731288225763396
0,0,0.4133661359624152
0,1,0.7778984949766559
0,0,0.17442254440476762
0,0,0.35995525533020967
1,0,0.49418167352014847
0,0,0.03691331962386067
0,0,0.2673638237743412
0,1,0.5385730259878829
0,1,0.6129071372630578
1,0,0.16647708955226156
0,0,0.4640860933847898
1,0,0.29453507935660583
0,1,0.6944873041164563
0,0,0.38302408247091163
0,0,0.14252525640055214
0,0,0.4954528726129095
1,1,0.5557599989190353
0,0,0.25829751853039445
0,0,0.38076122602997736
0,0,0.2116407336681579
0,0,0.4675804476085649
0,0,0.02512377340336122
0,0,0.04608368513278568
0,0,0.32395328206585244
0,0,0.0023892702938719604
1,1,0.6657085160340245
0,0,0.2263685941248129
1,0,0.024696927923034778
0,0,0.10206234851762223
0,0,0.003811294126230407
1,1,0.5527837260000654
0,0,0.2563562608680419
0,0,0.04003426162644203
0,0,0.27932501860675407
0,0,0.0228641409604833
0,0,0.2035332031784446
0,1,0.6592013585474222
0,0,0.038001527179200925
0,0,0.0036919418945602035
0,0,0.2527564862760719
0,0,0.1502469549043294
0,1,0.6774276198239966
0,0,0.01442143036074184
0,0,0.19506331746940078
1,1,0.6534053709659718
1,0,0.46477836793678146
0,0,0.47670824321951827
1,0,0.17524422388462654
0,0,0.16457467580451032
1,0,0.2604869537871256
0,0,0.09777739562599189
0,0,0.24641223814069962
0,0,0.10962539161018016
0,0,0.023228431242065244
0,1,0.6876349829683198
0,0,0.4528127292181453
0,0,0.25378362257330755
0,0,0.37021227109140226
0,0,0.014002113300693755
1,1,0.7031302804042524
0,0,0.1622822111838108
0,0,0.004424751008985297
0,0,0.17526074581760528
0,0,0.006104881695447534
0,0,0.0356653562727646
0,0,0.36815159091555016
0,0,0.0016820860354972746
0,0,0.022279255003489772
0,0,0.20646732431692336
0,0,0.021754681255465518
0,0,0.3641721517505985
0,0,0.08474623567283633
0,0,0.10923065884960054
1,1,0.5062557355992949
0,0,0.03788256284708459
0,0,0.07644454665134354
1,0,0.49752823736816365
1,1,0.5494656828635502
1,0,0.1461131231921949
0,0,0.07518090646569484
0,0,0.030732031149148128
0,0,0.0018139326848972213
0,0,0.31856048669213355
1,1,0.5803687904965291
0,0,0.19947325107545305
1,1,0.5346353182240194
0,0,0.16103916731480808
0,0,0.21182883227480592
0,0,0.17652690338038352
1,1,0.7512837241607115
0,0,0.2321758951461637
0,0,0.06753472856902465
0,0,0.01159393682654509
1,0,0.3644721434850933
1,0,0.33915301504752604
0,0,0.19144304149316496
0,0,0.01231899967189162
0,0,0.012415937506963732
0,0,0.04258814826949472
0,0,0.01099447693509535
1,1,0.6812933146052187
1,0,0.15711813612719602
1,1,0.6338401039182868
0,0,0.07873486883947886
0,0,0.22078543121306946
0,0,0.04457987674666753
0,0,0.011954836522766927
1,0,0.12675174238037748
0,0,0.00748014432530782
1,0,0.44700589362450266
0,0,0.009034824868890422
0,0,0.03834652701129005
0,0,0.06569176337249003
0,0,0.4438547586392302
0,0,0.1708633768403958
1,0,0.19600659082195876
0,0,0.4519331610293728
0,0,0.12996394968247593
0,0,0.19867282504813835
1,1,0.7473513277879928
0,0,0.07210288415644628
1,0,0.2767147750671574
0,0,0.23123673500004568
0,0,0.0016889395658899239
1,0,0.2933590341937231
0,0,0.046193337018618975
0,0,0.328286008468961
0,0,0.07598395757736044
0,0,0.33956122698259283
1,0,0.10230216629002098
0,0,0.02073835174529579
0,0,0.026913951169564538
0,0,0.08174848538653315
1,0,0.4845563416381651
0,0,0.004798981176037731
1,1,0.5340238545351671
0,0,0.014101712079908948
0,1,0.7135535890347446
0,0,0.28850885250479646
0,0,0.17444290472071344
0,0,0.08360539499594086
0,1,0.6664824595977602
1,0,0.27049866875919665
0,1,0.6383779682190848
0,0,0.14032661349430545
0,0,0.3060944819432485
1,1,0.6869841916815046
1,1,0.6731270816760836
0,0,0.029420587082316152
0,0,0.0014654714281723473
0,0,0.023459884023330952
0,0,0.02295171810420622
0,0,0.06278487427846641
0,1,0.650809390573104
0,0,0.4770602638288924
1,1,0.658609871950816
0,0,0.004784257248027811
0,0,0.22904349545835853
0,0,0.014040543892319377
0,0,0.010696089314075499
0,0,0.04566019926138151
0,0,0.00572683341146089
0,0,0.005843267444350594
0,0,0.022595205611496104
0,0,0.0885032076953185
0,0,0.04132096282160042
0,1,0.6884512397830842
0,0,0.038014144795461335
0,0,0.18928417515217819
1,1,0.7196870833002185
1,1,0.6921438251487436
1,0,0.26709835456219355
1,1,0.6310446729885941
1,0,0.4126936920499412
0,1,0.5290038170635813
0,0,0.2455562844692006
1,1,0.6285808638000975
0,0,0.08635948968534711
0,0,0.21723540289960608
0,0,0.1280272295048776
1,0,0.3170243174408312
0,0,0.16367640604085512
1,0,0.18783702092184354
0,1,0.6018768219771498
1,1,0.6370231338524693
1,0,0.09881430569492337
1,1,0.8161252274536747
1,0,0.21951681541720935
0,0,0.036803337878551605
0,0,0.29047598288579957
0,0,0.48047822123539824
0,0,0.26473921714295323
0,0,0.08677368519105041
0,0,0.006811364619857999
0,0,0.037432247377133715
0,0,0.013957908853125338
0,0,0.2935493335160425
0,0,0.062070727128836656
0,0,0.04270709462536113
0,0,0.17571357108211913
1,0,0.4454331574787326
1,0,0.4405585988365073
0,0,0.004303518589100597
0,0,0.17231788377025578
0,0,0.1606243544337903
0,1,0.5477939095301624
0,0,0.010241679524862572
1,1,0.6181709199227157
1,1,0.6620702614690468
0,0,0.11103451906229138
0,0,0.006907754693728502
0,1,0.6947222526705712
1,0,0.48122599474488464
0,1,0.6291434101459926
0,0,0.31408309568893117
0,0,0.034321362128779134
1,1,0.5371818206904748
1,0,0.4150099672430757
0,0,0.03167051892875208
0,0,0.09620962239976484
0,0,0.038947036016150516
0,0,0.37534626653531616
0,0,0.023424563099805916
0,0,0.01939733221432709
0,0,0.19607986445855702
1,1,0.6312023880210131
0,0,0.13930918746591467
1,0,0.4086765697406962
0,1,0.6139712982285498
0,0,0.010899005254955548
0,0,0.3119434516382794
0,0,0.09097548151200038
0,1,0.5326892511768263
0,0,0.18047394944517944
0,0,0.29602048743872283
0,0,0.002382413460150899
0,0,0.011810103579641967
0,0,0.3953077987856353
0,0,0.18060643304867233
0,1,0.6749464172747309
0,1,0.5109396833088015
0,0,0.19272417986950824
1,0,0.20658325231247915
0,0,0.4920670225748576
0,0,0.006592860556605842
1,0,0.08331656725466317
0,0,0.06984365895822837
0,0,0.10821975818040117
0,0,0.00434369813149428
0,0,0.13352349924912466
0,0,0.141707780597947
0,0,0.014302500674543514
0,0,0.3284562786807688
1,0,0.2839483285306419
0,0,0.4704642420065438
0,0,0.4348058360430172
1,0,0.04370585545012364
0,0,0.12417034996211025
1,0,0.20762877052828227
1,1,0.5995938319416756
0,0,0.005223819716236868
0,0,0.034891534911939553
1,0,0.17935915969285454
0,0,0.002903817070322474
1,1,0.5889433976664058
0,0,0.04555864469772357
1,0,0.06663428880859765
0,0,0.161288412267774
1,1,0.816395627717991
0,0,0.0068780928590191385
0,0,0.009261819028498592
0,1,0.5233383334054384
1,1,0.7819724508055865
0,0,0.1392469190759998
0,0,0.002425499114332095
0,0,0.09994081016892803
0,1,0.5312669775938651
1,1,0.5906636771814605
0,0,0.0212114570474967
0,0,0.008840147174968591
0,0,0.06465659972491612
0,0,0.26349614389595644
1,1,0.6696945061901133
1,0,0.2215337550502178
0,0,0.11585992128863554
0,0,0.2810354760973063
0,0,0.0038978341644467
0,0,0.10251645279981636
1,0,0.40018431510439084
0,0,0.05195745056444309
0,0,0.007403911219636068
0,0,0.40131917732837774
0,0,0.40238280104988106
1,0,0.24460784103136482
0,0,0.10681472670915837
0,0,0.002232827356733284
0,0,0.07270618559709117
0,0,0.43259661549839645
1,0,0.02553656788585204
0,0,0.03906427238211813
0,0,0.019624805078196583
0,0,0.07912319390821122
0,0,0.23680771143919577
1,1,0.6069631292991358
0,0,0.010029877667877067
0,0,0.009986833197998134
0,0,0.15374696575861918
0,1,0.6534288497850768
0,0,0.008109649567844917
0,0,0.025760338585370187
0,0,0.08999207155070935
0,0,0.06455004913063549
0,0,0.41679952666639214
1,1,0.643631016825035
0,0,0.35458597374292167
1,1,0.5995966795734635
0,0,0.04540073057591161
0,0,0.04108583094338827
1,1,0.7716984961180036
0,0,0.35906558746700623
0,0,0.010344078481217359
1,1,0.7389331303073878
0,0,0.06361227997616156
0,0,0.2592708493144731
0,0,0.14346631846650834
0,0,0.039525597843565755
0,0,0.08923182340174364
0,0,0.3019499854382904
0,0,0.014944664056546469
1,1,0.6291812634734577
0,0,0.4725771360318077
0,0,0.00496576415750207
0,0,0.02069533995210723
0,0,0.33903654011698064
1,0,0.06900320981643214
0,0,0.17788488720628304
0,0,0.006694462960001612
0,0,0.302784559797226
0,0,0.11098014398746359
1,0,0.1611939585878786
0,0,0.1696527947484948
0,1,0.5055350716342076
0,0,0.029557152061077566
0,0,0.005471155548304969
0,0,0.21734110927537875
1,1,0.7429656615027209
0,0,0.012197903912684063
0,0,0.004816290015164464
1,1,0.5977044717628298
0,1,0.5874783312651307
0,0,0.0014932993596447472
0,0,0.006775536882119075
0,0,0.3570426938814012
0,0,0.49631098945007335
1,0,0.28934414030039207
1,0,0.2693613997184199
1,1,0.5168745376680501
0,0,0.1715059402796212
0,0,0.04846972574661457
0,0,0.04912042491281979
0,0,0.029867416002502534
0,1,0.740692721379812
0,0,0.12280047941207968
0,0,0.14919177221212426
1,1,0.8226343658542552
0,0,0.004439957743024829
0,1,0.6068828471719268
0,0,0.21621079609990204
0,0,0.020392290116506204
0,0,0.043517432746803635
0,1,0.647243473361552
1,1,0.6910084369818948
1,1,0.7143487508165097
0,0,0.003907961511331845
1,1,0.5374779359310632
0,0,0.17325848819738354
0,1,0.5273246830131909
0,1,0.539656647825427
0,0,0.29113963178681884
0,0,0.016539630720807375
0,0,0.3574405954410016
1,1,0.6300085160494647
0,0,0.030983617411822494
0,0,0.30417700767915623
0,0,0.020446929070116127
0,1,0.6256736872905363
1,1,0.6182332111395272
1,0,0.40535254388680864
0,0,0.0034837920649940413
1,1,0.5787634923884948
0,1,0.629031722326368
1,1,0.5354441741309321
1,0,0.48519327989930006
0,0,0.07698648196944875
1,0,0.16172059859050672
0,0,0.043233486613059716
0,0,0.18766820460992562
0,0,0.48325632998416407
1,1,0.6392287609267978
1,0,0.20345597351439737
0,0,0.012255334093044398
1,1,0.6291342749029372
0,0,0.009471923435177651
1,1,0.648024699381652
1,1,0.5077540152715329
0,0,0.07163373445035948
0,0,0.12011449667836846
0,0,0.023580637679477566
1,1,0.611194732305451
0,0,0.039431744656039186
1,1,0.6884991389327793
1,1,0.6653064161182137
1,0,0.3174921146214501
1,1,0.5313322208475075
0,0,0.4300160764394074
0,0,0.16926245832126588
1,1,0.5950359707474199
1,0,0.3202019927569775
0,0,0.16549357453984537
0,0,0.44125952136136887
0,0,0.014413069077674506
0,0,0.06776806700808818
0,0,0.18245093452655894
0,0,0.009016108352702255
0,0,0.0029106048052316485
0,0,0.19523034750663862
1,0,0.4711407180984257
0,0,0.04085712694434554
1,1,0.7145214562052947
0,1,0.5982823917730715
0,0,0.08695233000752038
0,0,0.20276943239302406
0,0,0.04038379853829466
1,1,0.8475233244883836
0,0,0.25093899728092933
1,1,0.5516978888372737
0,0,0.20844464740824753
0,0,0.0028139415996751914
1,0,0.24176299988869324
0,0,0.015449036144441732
1,1,0.5396790063046331
0,0,0.010375759257974257
0,0,0.4081101910781164
0,0,0.45085925826889367
0,0,0.004962983086431668
0,0,0.31120732067338
0,0,0.36380573610237005
0,0,0.030032352634623234
0,0,0.2722903038083702
1,1,0.6887114215731717
0,1,0.6553653001702929
0,0,0.014802122016316513
1,0,0.29084065686675764
1,1,0.7586579282674987
0,0,0.08548763317198188
0,0,0.34504436465283717
0,0,0.025689882681790236
1,0,0.20681525271432555
0,0,0.05537561769145374
0,0,0.22634824976594808
0,0,0.09192140748455786
0,1,0.5440816855319861
0,0,0.24382196267805725
1,1,0.6763249831014323
0,0,0.1984097189483877
0,0,0.010843842844875403
0,0,0.10849005442257828
0,0,0.12440567373775913
1,0,0.09252486856991055
1,0,0.4671815632222739
0,0,0.16150028861035895
0,0,0.10009801036497487
0,0,0.0020614089385998157
1,1,0.5268160331534745
1,1,0.5425770823863784
1,0,0.38180861141891664
1,1,0.5426597328723485
0,0,0.016067609735950783
0,0,0.03777314977248312
0,0,0.044838238627848644
1,1,0.6928132953228359
1,1,0.5157878767579037
0,0,0.20997090107541924
0,0,0.0055467660949679466
0,1,0.5878713804842459
1,0,0.0046020857868647
0,0,0.29259700808088374
0,0,0.012053866476246422
1,1,0.5545940170551117
0,0,0.03338550184190622
0,0,0.08343512506224983
0,0,0.15417451549444317
0,0,0.12449293978805333
0,0,0.002915412877795979
0,1,0.5439503094224785
0,0,0.00437804510845504
0,1,0.6251345022687272
0,0,0.18409205612586133
0,0,0.30252186147501897
1,0,0.23008813641341078
0,0,0.010252363908765334
0,0,0.0027528326589654917
1,1,0.5357418282389951
0,0,0.003558806888793517
1,1,0.6944873041164563
0,0,0.379605970797335
1,0,0.03506392632397359
0,0,0.4649508513668095
0,0,0.12143957343938548
1,1,0.5461834281051964
0,0,0.17774471970862157
1,0,0.07282308106960744
0,0,0.2210207364142007
0,0,0.014732252862008789
0,1,0.6741276152274762
0,0,0.17691199135800814
0,0,0.17622333284408578
0,0,0.4378534723226348
0,0,0.20797814316838453
1,0,0.32307890224307173
0,0,0.07628591766145348
0,0,0.2561070445889077
1,0,0.44974339891708676
0,0,0.12497849305600248
0,0,0.021547703612042113
0,1,0.7043089752351377
1,1,0.7301989347083909
0,0,0.17824650381436297
1,1,0.5661754764456316
1,1,0.6788482180615506
0,0,0.002278694311115036
0,0,0.33340939245925844
0,0,0.04416003851746428
0,0,0.015321894953322363
0,0,0.39233020299772126
0,0,0.24091187861561095
1,0,0.274214928048615
0,0,0.06060989262287655
1,1,0.8152622773463151
0,1,0.6767858754337563
1,1,0.64134518190811
1,1,0.6741882467649357
0,0,0.12449351216435575
0,0,0.00717704619824417
1,1,0.6709829316625233
0,1,0.7844313773228831
0,0,0.19162274784398176
0,1,0.5576621022300992
0,0,0.03754229820830943
0,1,0.5394574622925754
0,0,0.11552128677864477
0,0,0.20968687857556595
1,1,0.5641437000936034
0,0,0.4196200890943867
0,0,0.24852573950226198
0,0,0.20852485707088317
0,0,0.3729090841334519
0,0,0.07142617276943944
0,0,0.06575820964562727
0,0,0.22589282270142144
0,0,0.01431235292037692
0,0,0.2975821362318331
0,0,0.008320179375261496
0,0,0.2040369041992437
0,0,0.11488677933140819
1,1,0.6109183580050502
0,0,0.025421516931677407
0,0,0.06706643702950901
0,0,0.02653031760273463
1,1,0.7921229800334083
0,0,0.03769744156510417
1,0,0.1441513186499776
0,0,0.3245785076408395
1,1,0.6879340946706218
0,0,0.039857802325266055
0,0,0.004831417784091024
0,0,0.003002734483228138
0,0,0.22517103172518446
1,0,0.23804943663099648
0,0,0.3905739129008559
0,0,0.21750466611291977
0,0,0.01724816928041792
0,0,0.09704728162836608
1,1,0.7149699115163332
1,1,0.6187578409555412
0,0,0.08896854466970402
0,0,0.014892602562198156
0,0,0.03147866575789044
1,0,0.02542965516970899
1,1,0.6859922642945956
0,0,0.16648716403995967
0,0,0.13341338535125308
0,1,0.5577572086006433
0,0,0.3387174425919507
0,0,0.34544107942163127
1,1,0.6252800356597592
1,0,0.14047167295994142
0,0,0.0454461977753556
0,0,0.2876533292114451
0,0,0.009417917879217636
0,0,0.31850852413501596
1,1,0.5025177185521525
0,0,0.2781499562608787
0,0,0.26890346459701275
0,0,0.01757784690253876
0,0,0.003142304137440664
0,0,0.47812128105035573
0,0,0.31864549319077135
0,0,0.2400299128881358
0,0,0.012590740689918084
1,1,0.7270617604928133
0,1,0.6123857753374049
0,1,0.5492089003406344
0,0,0.00903728140771712
1,0,0.49846572258422184
0,1,0.6077818899311608
0,0,0.036678943597607316
0,0,0.31747353734931016
0,0,0.38931716585079146
0,1,0.7455329635442425
0,1,0.6276570036959251
1,1,0.5005736584858099
1,1,0.7861159546533476
0,0,0.08485727564691799
0,0,0.4998519498974928
1,0,0.3311868225504813
1,0,0.18194172133180878
1,0,0.406474985697458
0,0,0.001976931251883809
0,0,0.07022386242505275
0,0,0.18727794394860367
0,0,0.0036356697195202062
0,0,0.23951947499820925
0,0,0.048487183503379966
0,0,0.4227124360874011
1,1,0.6555767553603525
0,0,0.022952936941523745
0,0,0.014360243987102615
0,0,0.14176277704261747
0,0,0.10603747044927428
1,1,0.7144957034021772
0,0,0.028713856310842938
0,1,0.5941857738071099
0,0,0.053524098987392264
0,0,0.06863725347481511
0,0,0.25777917903228414
1,1,0.7425668030767338
0,0,0.08781215873232917
0,0,0.012247484821826094
0,0,0.026603697494909546
0,0,0.03544831181993914
0,0,0.14641021713308364
0,0,0.031108080954194962
0,0,0.22373815002117356
0,0,0.0018587633974221556
0,0,0.11975826356186728
1,1,0.697487079366634
0,0,0.02791413220026241
0,0,0.046328904892089705
0,1,0.5689343156832346
1,1,0.8104416186138382
0,0,0.15206026098295616
0,0,0.18739194552796895
0,0,0.0049365057984274855
0,0,0.12443806210454783
1,1,0.5781640404797411
0,0,0.004821793757470028
0,1,0.5483606479261836
0,0,0.04039705382919307
0,0,0.018170372123945996
0,0,0.019100312481261508
0,0,0.22763018774952587
0,0,0.05483604437540824
0,0,0.2676173931302059
0,0,0.030679106157793824
0,0,0.017345034743177598
1,1,0.7818753381996075
0,0,0.03637648886582651
0,0,0.11488443267013242
0,0,0.2645041278551114
0,0,0.0016545638867860666
0,0,0.03138549235838329
0,1,0.7503695074349708
0,0,0.004590801811366354
1,1,0.5028714777412089
0,0,0.24897943368201986
0,0,0.31833064953343265
0,0,0.13769574247928693
0,0,0.1312488051547641
0,0,0.02563897927591488
0,0,0.004520196789778548
